"24e6b3ce";"7980c0ae";"83ed87ea";"4f585ebb";"regular";"volta";"não";"TRES RIOS";"RJ";"JUIZ DE FORA";"MG";-22,116142;-43,19823;0;2019-01-03 07:30:00;2019-01-03 05:32:02;2019-01-03 07:31:48
"3970fe3d";"51c1ab4e";"7abcba0e";"fbdb4285";"regular";"volta";"não";"VITORIA DA CONQUISTA";"BA";"SAO PAULO";"SP";-23,5111753;-46,6022686;1;2019-01-05 16:10:00;2019-01-05 06:48:42;2019-01-06 10:02:13
"e2c281a7";"51c1ab4e";"7abcba0e";"40b96a8d";"regular";"ida";"não";"VITORIA DA CONQUISTA";"BA";"SAO PAULO";"SP";-14,8796953;-40,854068;1;2019-01-06 10:15:00;2019-01-06 11:39:59;2019-01-07 12:59:12
"0fcbe00d";"7980c0ae";"83ed87ea";"a70775bd";"regular";"ida";"não";"TRES RIOS";"RJ";"JUIZ DE FORA";"MG";-22,116437;-43,200528;0;2019-01-03 13:30:00;2019-01-03 01:33:03;2019-01-03 03:18:06
"d49e27ba";"7980c0ae";"83ed87ea";"4f585ebb";"regular";"volta";"não";"TRES RIOS";"RJ";"JUIZ DE FORA";"MG";-21,7358945;-43,3950339;0;2019-01-02 22:30:00;2019-01-02 10:26:23;2019-01-03 12:08:36
"8dce31ac";"808be8bd";"5d383322";"3b7cfea3";"regular";"volta";"não";"FORTALEZA";"CE";"BELEM";"PA";-1,438593;-48,455;0,65;2019-01-07 13:00:00;2019-01-07 03:36:14;2019-01-08 09:04:11
"99db53b2";"7980c0ae";"83ed87ea";"8ddac9ca";"regular";"ida";"não";"TRES RIOS";"RJ";"JUIZ DE FORA";"MG";-22,116213;-43,200547;0;2019-01-01 08:45:00;2019-01-01 08:32:36;2019-01-01 10:14:54
"27060b65";"51c1ab4e";"71b01b13";"b1f3bf93";"regular";"ida";"não";"SALVADOR";"BA";"PETROLINA";"PE";-12,9773888;-38,4653505;1,1;2019-01-05 21:50:00;2019-01-06 12:58:17;2019-01-06 08:49:21
"cbde536d";"808be8bd";"0bd920da";"eaddde2a";"regular";"ida";"não";"FORTALEZA";"CE";"TERESINA";"PI";-3,75773;-38,530703;5,65;2019-01-07 21:30:00;2019-01-08 12:32:29;2019-01-08 10:39:08
"02c5b352";"808be8bd";"e514cce7";"14faa2fe";"regular";"volta";"não";"BELEM";"PA";"NATAL";"RN";-5,819806;-35,235273;0,78;2019-01-08 07:30:00;2019-01-08 10:33:12;2019-01-10 03:13:21
"c2afdf2e";"808be8bd";"c61822da";"0c058aa4";"regular";"ida";"não";"SAO LUIS";"MA";"TERESINA";"PI";-2,562948;-44,244728;0,89;2019-01-08 22:30:00;2019-01-09 01:19:40;2019-01-09 08:57:10
"44d5d193";"808be8bd";"b0dd787b";"aea206e9";"regular";"volta";"não";"SAO LUIS";"MA";"TERESINA";"PI";-2,53682;-44,227671;1,01;2019-01-08 22:00:00;2019-01-09 01:11:21;2019-01-09 08:41:11
"4fa0bf1f";"808be8bd";"5d383322";"001fbeeb";"regular";"volta";"não";"FORTALEZA";"CE";"BELEM";"PA";-1,438538;-48,45498;0,75;2019-01-09 13:00:00;2019-01-09 04:06:04;2019-01-10 08:17:59
"3a64ad2e";"808be8bd";"b46cef63";"eec9e30b";"regular";"volta";"não";"FORTALEZA";"CE";"NATAL";"RN";-3,791858;-38,509834;0,6;2019-01-08 21:30:00;2019-01-09 12:31:42;2019-01-09 09:25:08
"f14ecc18";"51c1ab4e";"7abcba0e";"e1900a9c";"regular";"volta";"não";"VITORIA DA CONQUISTA";"BA";"SAO PAULO";"SP";-14,8797605;-40,8540506;1;2019-01-05 10:15:00;2019-01-05 12:03:09;2019-01-06 02:18:56
"a7146b9e";"51c1ab4e";"7abcba0e";"9f1b2e8d";"regular";"ida";"não";"VITORIA DA CONQUISTA";"BA";"SAO PAULO";"SP";-23,5166204;-46,6233803;3,5;2019-01-05 17:00:00;2019-01-05 06:25:48;2019-01-05 06:37:42
"30f3d1d0";"808be8bd";"b46cef63";"001fbeeb";"regular";"ida";"não";"FORTALEZA";"CE";"NATAL";"RN";-3,75748;-38,530441;0,63;2019-01-08 12:00:00;2019-01-08 02:59:52;2019-01-08 11:51:39
"91bc263b";"808be8bd";"72e66d2a";"7945ae37";"regular";"volta";"não";"BELEM";"PA";"TERESINA";"PI";-1,448396;-48,465918;0,75;2019-01-08 17:00:00;2019-01-08 08:02:39;2019-01-09 01:16:19
"ffb37479";"7980c0ae";"83ed87ea";"651283f4";"regular";"ida";"não";"TRES RIOS";"RJ";"JUIZ DE FORA";"MG";-22,1161355;-43,1982375;0;2019-01-03 20:30:00;2019-01-03 08:34:36;2019-01-03 10:06:39
"d9a51723";"51c1ab4e";"fe7f4220";"73f71140";"regular";"volta";"não";"RAUL SOARES";"MG";"SAO PAULO";"SP";-23,5111755;-46,6025807;1;2019-01-05 18:00:00;2019-01-05 07:29:30;2019-01-06 11:05:45
"ef383940";"51c1ab4e";"7abcba0e";"57abf744";"regular";"volta";"não";"VITORIA DA CONQUISTA";"BA";"SAO PAULO";"SP";-23,5169028;-46,6236227;2,1;2019-01-05 11:15:00;2019-01-05 01:39:41;2019-01-06 03:04:50
"f2bd2726";"808be8bd";"f456f371";"148b003b";"regular";"volta";"não";"CAMPINA GRANDE";"PB";"SAO PAULO";"SP";-23,517273;-46,623433;0,87;2019-01-08 10:00:00;2019-01-08 01:04:14;2019-01-10 08:49:40
"b7629ceb";"808be8bd";"085df4b4";"0dc007d2";"regular";"ida";"não";"FORTALEZA";"CE";"RECIFE";"PE";-3,757431;-38,530443;0,84;2019-01-06 22:30:00;2019-01-07 01:33:09;2019-01-07 01:24:45
"1400a07e";"808be8bd";"b46cef63";"5adaa493";"regular";"volta";"não";"FORTALEZA";"CE";"NATAL";"RN";-5,819711;-35,235303;0,83;2019-01-09 21:15:00;2019-01-10 01:12:46;2019-01-10 09:13:42
"db94962a";"808be8bd";"b46cef63";"0b0b65f8";"regular";"volta";"não";"FORTALEZA";"CE";"NATAL";"RN";-5,819643;-35,23542;0,63;2019-01-07 21:15:00;2019-01-08 12:29:45;2019-01-08 09:27:48
"858f7476";"51c1ab4e";"2befb554";"2726bbe6";"regular";"ida";"não";"VITORIA DA CONQUISTA";"BA";"SAO PAULO";"SP";-22,1335977;-43,2478141;1;2019-01-06 09:31:00;2019-01-06 10:50:59;2019-01-06 06:42:37
"c8df1bfd";"808be8bd";"ee488bda";"e733354a";"regular";"volta";"não";"BELEM";"PA";"JOAO PESSOA";"PB";-7,142638;-34,921676;0,63;2019-01-09 16:00:00;2019-01-09 06:31:41;2019-01-11 12:06:30
"89762ed8";"7980c0ae";"83ed87ea";"fff5074b";"regular";"volta";"não";"TRES RIOS";"RJ";"JUIZ DE FORA";"MG";-22,116076;-43,198209;0;2019-01-01 10:30:00;2019-01-01 10:31:29;2019-01-01 10:47:33
"2057fd4e";"808be8bd";"960e1863";"bb32b9dc";"regular";"volta";"não";"SOBRAL";"CE";"BRASILIA";"DF";-15,80557;-47,965416;0,68;2019-01-07 08:00:00;2019-01-07 10:41:28;2019-01-09 05:31:32
"715cace3";"51c1ab4e";"7abcba0e";"46c20bb3";"regular";"ida";"não";"VITORIA DA CONQUISTA";"BA";"SAO PAULO";"SP";-14,8796324;-40,8541773;1;2019-01-05 13:00:00;2019-01-05 02:55:47;2019-01-06 03:59:17
"4e77ceab";"51c1ab4e";"7abcba0e";"0426fa42";"regular";"ida";"não";"VITORIA DA CONQUISTA";"BA";"SAO PAULO";"SP";-14,8807131;-40,8567248;1;2019-01-05 16:30:00;2019-01-05 06:53:10;2019-01-06 07:54:46
"ebb545f2";"7980c0ae";"83ed87ea";"0f28b213";"regular";"volta";"não";"TRES RIOS";"RJ";"JUIZ DE FORA";"MG";-22,116136;-43,198234;0;2019-01-02 16:15:00;2019-01-02 04:15:53;2019-01-02 06:16:46
"c7f5d228";"7980c0ae";"83ed87ea";"651283f4";"regular";"ida";"não";"TRES RIOS";"RJ";"JUIZ DE FORA";"MG";-22,116044;-43,198341;0;2019-01-02 05:30:00;2019-01-02 05:30:15;2019-01-02 06:58:41
"a4f4d335";"7980c0ae";"83ed87ea";"0f28b213";"regular";"volta";"não";"TRES RIOS";"RJ";"JUIZ DE FORA";"MG";-22,115931;-43,19823;0;2019-01-02 20:30:00;2019-01-02 08:42:43;2019-01-02 10:15:51
"98193985";"7980c0ae";"83ed87ea";"651283f4";"regular";"volta";"não";"TRES RIOS";"RJ";"JUIZ DE FORA";"MG";-21,7360197;-43,3948661;0;2019-01-03 17:15:00;2019-01-03 05:14:53;2019-01-03 07:02:58
"e2feb395";"808be8bd";"0bd920da";"1799e061";"regular";"volta";"não";"FORTALEZA";"CE";"TERESINA";"PI";-5,119049;-42,78445;1,3;2019-01-06 21:30:00;2019-01-07 12:47:27;2019-01-07 11:18:07
"75c283c4";"808be8bd";"22e790e7";"42c2dcc9";"regular";"ida";"não";"FORTALEZA";"CE";"PARNAIBA";"PI";-3,757371;-38,530315;0,78;2019-01-08 07:15:00;2019-01-08 10:20:03;2019-01-08 07:35:16
"c5f130e7";"7980c0ae";"83ed87ea";"651283f4";"regular";"volta";"não";"TRES RIOS";"RJ";"JUIZ DE FORA";"MG";-22,116059;-43,198193;0;2019-01-01 05:30:00;2019-01-01 05:30:01;2019-01-01 06:53:37
"f17bafde";"808be8bd";"eddb98c0";"eca079b7";"regular";"ida";"não";"IMPERATRIZ";"MA";"JOAO PESSOA";"PB";-5,476596;-47,472223;0,54;2019-01-08 16:30:00;2019-01-08 07:31:09;2019-01-10 09:30:08
"17f50356";"7980c0ae";"83ed87ea";"8ddac9ca";"regular";"volta";"não";"TRES RIOS";"RJ";"JUIZ DE FORA";"MG";-21,759189;-43,342933;0;2019-01-01 18:45:08;2019-01-01 06:46:07;2019-01-01 08:21:46
"3d096937";"808be8bd";"b46cef63";"0b0b65f8";"regular";"ida";"não";"FORTALEZA";"CE";"NATAL";"RN";-3,791873;-38,509816;0,79;2019-01-08 21:00:00;2019-01-09 12:08:06;2019-01-09 09:19:34
"182d692d";"51c1ab4e";"7abcba0e";"37b7d4a9";"regular";"ida";"não";"VITORIA DA CONQUISTA";"BA";"SAO PAULO";"SP";-14,8802782;-40,8567784;1;2019-01-05 09:55:00;2019-01-05 12:25:48;2019-01-06 01:19:53
"a399172c";"7980c0ae";"83ed87ea";"a70775bd";"regular";"volta";"não";"TRES RIOS";"RJ";"JUIZ DE FORA";"MG";-21,738739;-43,374166;0;2019-01-03 05:30:00;2019-01-03 05:30:27;2019-01-03 06:56:11
"8ac088c0";"3f42bbfd";"9ffb1594";"4af4028f";"regular";"ida";"não";"BELO HORIZONTE";"MG";"RIBEIRAO PRETO";"SP";-21,036828994751;-47,6733665466309;0;2019-01-01 08:00:00;2019-01-01 07:56:59;2019-01-02 07:50:40
"2dc76928";"3f42bbfd";"9ffb1594";"f7aa207d";"regular";"volta";"não";"BELO HORIZONTE";"MG";"RIBEIRAO PRETO";"SP";-21,1428737640381;-47,7814559936523;0;2019-01-02 22:30:00;2019-01-02 10:40:50;2019-01-03 07:42:06
"c4a4cc1d";"3f42bbfd";"9ffb1594";"96e222f1";"regular";"volta";"não";"BELO HORIZONTE";"MG";"RIBEIRAO PRETO";"SP";-21,1429214477539;-47,7812843322754;0;2019-01-01 20:30:00;2019-01-01 08:33:23;2019-01-02 01:48:57
"f2ae74b3";"7980c0ae";"83ed87ea";"651283f4";"regular";"ida";"não";"TRES RIOS";"RJ";"JUIZ DE FORA";"MG";-22,116013;-43,198261;0;2019-01-02 10:30:00;2019-01-02 10:31:10;2019-01-02 12:04:52
"dbb4ee6f";"808be8bd";"22e790e7";"e87bdf97";"regular";"volta";"não";"FORTALEZA";"CE";"PARNAIBA";"PI";-3,757553;-38,530623;0,89;2019-01-09 07:15:00;2019-01-09 10:34:50;2019-01-09 07:32:10
"cacee2b1";"51c1ab4e";"ea2a03fb";"58564461";"regular";"volta";"não";"PETROPOLIS";"RJ";"SAO PAULO";"SP";-23,5109317;-46,6026274;1,9;2019-01-04 22:00:00;2019-01-04 11:58:44;2019-01-05 07:22:21
"09644e23";"7980c0ae";"83ed87ea";"3b3307d2";"regular";"ida";"não";"TRES RIOS";"RJ";"JUIZ DE FORA";"MG";-22,116022;-43,198081;0;2019-01-01 07:30:00;2019-01-01 07:29:41;2019-01-01 08:52:25
"47e7b2d3";"7980c0ae";"83ed87ea";"8ddac9ca";"regular";"ida";"não";"TRES RIOS";"RJ";"JUIZ DE FORA";"MG";-21,838957;-43,374613;0;2019-01-02 08:45:00;2019-01-02 08:18:26;2019-01-02 10:50:21
"ba76cdd5";"808be8bd";"b46cef63";"4f3bed83";"regular";"volta";"não";"FORTALEZA";"CE";"NATAL";"RN";-5,819625;-35,235423;0,9;2019-01-08 21:00:00;2019-01-09 12:20:52;2019-01-09 09:26:52
"c1492f93";"808be8bd";"72e66d2a";"37118f80";"regular";"ida";"não";"BELEM";"PA";"TERESINA";"PI";-1,449353;-48,465911;0,82;2019-01-07 17:00:00;2019-01-07 08:02:31;2019-01-08 12:38:34
"f53e0ae6";"808be8bd";"b0dd787b";"3027fe1e";"regular";"volta";"não";"SAO LUIS";"MA";"TERESINA";"PI";-2,537044;-44,227443;0,67;2019-01-05 21:30:00;2019-01-06 12:33:51;2019-01-06 08:49:43
"58407e29";"808be8bd";"6f3c5696";"e224e8f2";"regular";"volta";"não";"JOAO PESSOA";"PB";"TERESINA";"PI";-5,119441;-42,784393;3,49;2019-01-07 17:00:00;2019-01-07 08:07:16;2019-01-08 08:22:20
"fb3e08cb";"51c1ab4e";"7abcba0e";"72d5930c";"regular";"ida";"não";"VITORIA DA CONQUISTA";"BA";"SAO PAULO";"SP";-14,8796609;-40,8539824;1;2019-01-06 09:00:00;2019-01-06 11:05:02;2019-01-07 11:24:38
"e225398a";"51c1ab4e";"bff47013";"1508dcf6";"regular";"volta";"não";"PETROPOLIS";"RJ";"SAO PAULO";"SP";-23,5109017;-46,6021717;1;2019-01-05 23:00:00;2019-01-05 11:37:52;2019-01-06 07:23:05
"50013bf3";"51c1ab4e";"b8fdd8cf";"dadfe81a";"regular";"volta";"não";"TERESOPOLIS";"RJ";"SAO PAULO";"SP";-23,511164;-46,6025253;1;2019-01-05 22:00:00;2019-01-05 11:09:07;2019-01-06 08:29:33
"763168fa";"51c1ab4e";"7abcba0e";"9f71a1ac";"regular";"ida";"não";"VITORIA DA CONQUISTA";"BA";"SAO PAULO";"SP";-14,8806213;-40,8571899;1;2019-01-05 11:15:00;2019-01-05 12:52:15;2019-01-07 01:25:56
"b79f26a7";"7980c0ae";"83ed87ea";"8ddac9ca";"regular";"volta";"não";"TRES RIOS";"RJ";"JUIZ DE FORA";"MG";-21,738688;-43,374159;0;2019-01-01 20:45:19;2019-01-01 08:46:02;2019-01-01 10:21:59
"983f09d6";"51c1ab4e";"7abcba0e";"20fbe427";"regular";"volta";"não";"VITORIA DA CONQUISTA";"BA";"SAO PAULO";"SP";-23,5112099;-46,6018038;1;2019-01-05 11:05:00;2019-01-05 01:49:26;2019-01-06 06:15:58
"5efc8392";"7980c0ae";"83ed87ea";"ae4930aa";"regular";"volta";"não";"TRES RIOS";"RJ";"JUIZ DE FORA";"MG";-21,738793;-43,374188;0;2019-01-02 05:30:00;2019-01-02 05:36:56;2019-01-02 07:11:10
"82393a70";"808be8bd";"799106c9";"9b43ad22";"regular";"volta";"não";"FORTALEZA";"CE";"SAO LUIS";"MA";-2,562938;-44,244733;0,65;2019-01-05 22:00:00;2019-01-06 01:07:23;2019-01-06 07:52:25
"0ccce08b";"51c1ab4e";"7abcba0e";"8a6a22ab";"regular";"ida";"não";"VITORIA DA CONQUISTA";"BA";"SAO PAULO";"SP";-14,879701;-40,8540301;1;2019-01-06 09:55:00;2019-01-06 11:28:54;2019-01-07 01:14:20
"58532dbc";"51c1ab4e";"7abcba0e";"12cd86a5";"regular";"ida";"não";"VITORIA DA CONQUISTA";"BA";"SAO PAULO";"SP";-14,8801971;-40,8572552;1;2019-01-06 17:30:00;2019-01-06 07:00:27;2019-01-07 06:58:53
"b7b916f4";"51c1ab4e";"71b01b13";"d5d5546f";"regular";"volta";"não";"SALVADOR";"BA";"PETROLINA";"PE";-9,392001;-40,5089148;1;2019-01-05 22:00:00;2019-01-06 01:00:37;2019-01-06 09:11:50
"7e84c698";"7980c0ae";"83ed87ea";"8ddac9ca";"regular";"ida";"não";"TRES RIOS";"RJ";"JUIZ DE FORA";"MG";-22,11605;-43,19824;0;2019-01-01 13:30:00;2019-01-01 01:28:17;2019-01-01 02:53:33
"a9e9d3ff";"7980c0ae";"83ed87ea";"651283f4";"regular";"volta";"não";"TRES RIOS";"RJ";"JUIZ DE FORA";"MG";-21,739373;-43,375027;0;2019-01-02 07:30:00;2019-01-02 07:29:54;2019-01-02 09:08:56
"08b57781";"808be8bd";"e0cb42c2";"b5942016";"regular";"volta";"não";"SOBRAL";"CE";"GOIANIA";"GO";-3,693613;-40,350958;0,64;2019-01-08 17:00:00;2019-01-08 07:33:05;2019-01-10 03:01:58
"7e637eb5";"7980c0ae";"83ed87ea";"651283f4";"regular";"volta";"não";"TRES RIOS";"RJ";"JUIZ DE FORA";"MG";-21,738783;-43,374027;0;2019-01-01 07:30:00;2019-01-01 07:30:50;2019-01-01 08:58:33
"c0be2662";"51c1ab4e";"71b01b13";"62ecfb27";"regular";"ida";"não";"SALVADOR";"BA";"PETROLINA";"PE";-12,9778208;-38,4653556;3,6;2019-01-05 22:00:00;2019-01-06 12:25:22;2019-01-06 08:49:53
"94d500ed";"808be8bd";"7da7ce05";"6915a745";"regular";"volta";"não";"FORTALEZA";"CE";"ARACAJU";"SE";-3,79181;-38,509656;0,75;2019-01-07 12:00:00;2019-01-07 03:20:18;2019-01-08 04:57:14
"1bde8213";"808be8bd";"5d383322";"131a9e0e";"regular";"volta";"não";"FORTALEZA";"CE";"BELEM";"PA";-1,449206;-48,465938;0,77;2019-01-08 10:00:00;2019-01-08 01:06:18;2019-01-09 05:27:05
"fac9013a";"808be8bd";"5d383322";"fd7213e1";"regular";"volta";"não";"FORTALEZA";"CE";"BELEM";"PA";-3,757441;-38,53046;0,66;2019-01-07 13:00:00;2019-01-07 04:00:47;2019-01-08 08:31:32
"9bcce2e8";"808be8bd";"cf151cca";"5c17cbed";"regular";"ida";"não";"BELEM";"PA";"JOAO PESSOA";"PB";-1,439026;-48,454945;0,81;2019-01-08 07:00:00;2019-01-08 10:03:09;2019-01-10 02:52:00
"2aaaad31";"3f42bbfd";"9ffb1594";"f7aa207d";"regular";"ida";"não";"BELO HORIZONTE";"MG";"RIBEIRAO PRETO";"SP";-20,2404308319092;-45,0697708129883;0;2019-01-01 22:30:00;2019-01-01 10:37:13;2019-01-02 04:17:20
"e0e0533b";"7980c0ae";"83ed87ea";"8ddac9ca";"regular";"volta";"não";"TRES RIOS";"RJ";"JUIZ DE FORA";"MG";-22,098499;-43,216799;0;2019-01-01 16:15:55;2019-01-01 04:30:21;2019-01-01 05:55:21
"e840e6da";"808be8bd";"b0dd787b";"aea206e9";"regular";"volta";"não";"SAO LUIS";"MA";"TERESINA";"PI";-5,11961;-42,784649;0,79;2019-01-10 12:00:00;2019-01-10 03:11:54;2019-01-10 11:21:13
"f28844e0";"51c1ab4e";"7abcba0e";"0df23e64";"regular";"ida";"não";"VITORIA DA CONQUISTA";"BA";"SAO PAULO";"SP";-14,8808016;-40,8566423;2,4;2019-01-06 09:30:00;2019-01-06 11:21:00;2019-01-08 04:21:17
"96e481e4";"51c1ab4e";"7abcba0e";"5a0244ce";"regular";"volta";"não";"VITORIA DA CONQUISTA";"BA";"SAO PAULO";"SP";-23,5107533;-46,6027066;5,1;2019-01-05 14:05:00;2019-01-05 04:32:09;2019-01-07 10:18:41
"4d639db8";"808be8bd";"0bd920da";"1997b09c";"regular";"volta";"não";"FORTALEZA";"CE";"TERESINA";"PI";-5,097485;-42,764641;0,66;2019-01-08 21:30:00;2019-01-08 11:39:11;2019-01-09 11:28:44
"e548fd93";"51c1ab4e";"b8fdd8cf";"58564461";"regular";"ida";"não";"TERESOPOLIS";"RJ";"SAO PAULO";"SP";-22,4180583;-42,9707392;1;2019-01-05 22:30:00;2019-01-06 12:08:55;2019-01-06 08:45:04
"136d6467";"808be8bd";"22e790e7";"0b0b65f8";"regular";"volta";"não";"FORTALEZA";"CE";"PARNAIBA";"PI";-3,758153;-38,530743;0,59;2019-01-09 21:00:00;2019-01-09 11:10:26;2019-01-10 12:05:33
"3131bbe7";"808be8bd";"5d383322";"677c42dd";"regular";"volta";"não";"FORTALEZA";"CE";"BELEM";"PA";-3,757478;-38,53049;0,71;2019-01-07 14:00:00;2019-01-07 04:32:09;2019-01-08 10:11:39
"b944ae95";"7980c0ae";"79c48c92";"294b1c86";"regular";"volta";"não";"BARRA MANSA";"RJ";"CARANGOLA";"MG";-20,735109;-42,031069;0;2019-01-02 05:47:25;2019-01-02 05:47:18;2019-01-02 04:01:49
"7fb24717";"808be8bd";"72e66d2a";"bc2ea53c";"regular";"volta";"não";"BELEM";"PA";"TERESINA";"PI";-1,438639;-48,45511;0,73;2019-01-08 17:15:00;2019-01-08 08:21:46;2019-01-09 01:14:35
"5c0c8ae5";"808be8bd";"22e790e7";"6967cc64";"regular";"volta";"não";"FORTALEZA";"CE";"PARNAIBA";"PI";-3,791924;-38,509563;1,04;2019-01-07 22:00:00;2019-01-08 01:08:59;2019-01-08 11:49:36
"c5c21b37";"808be8bd";"b46cef63";"3192a3dc";"regular";"volta";"não";"FORTALEZA";"CE";"NATAL";"RN";-5,819749;-35,235318;0,58;2019-01-09 06:00:00;2019-01-09 09:10:26;2019-01-09 06:02:31
"c8ff63b8";"808be8bd";"3a6b9636";"6ca00b9e";"regular";"volta";"não";"FORTALEZA";"CE";"RECIFE";"PE";-3,757413;-38,530526;0,83;2019-01-07 17:30:00;2019-01-07 08:29:26;2019-01-08 11:25:34
"1a1ce824";"808be8bd";"b0dd787b";"65f2a75b";"regular";"ida";"não";"SAO LUIS";"MA";"TERESINA";"PI";-2,562958;-44,244806;0,66;2019-01-07 12:00:00;2019-01-07 03:00:36;2019-01-07 10:57:53
"095765f3";"808be8bd";"b0dd787b";"302cd4b3";"regular";"volta";"não";"SAO LUIS";"MA";"TERESINA";"PI";-2,563214;-44,24475;0,58;2019-01-09 12:00:00;2019-01-09 03:00:33;2019-01-09 11:28:15
"9ea5c43e";"808be8bd";"3a6b9636";"68c62572";"regular";"volta";"não";"FORTALEZA";"CE";"RECIFE";"PE";-8,065493;-34,981334;1,38;2019-01-07 19:30:00;2019-01-07 10:38:03;2019-01-08 01:02:40
"cd71fd43";"808be8bd";"22e790e7";"42c2dcc9";"regular";"volta";"não";"FORTALEZA";"CE";"PARNAIBA";"PI";-0,757206;-42,496594;1,56;2019-01-08 21:00:00;2019-01-09 12:13:41;2019-01-16 07:32:20
"5ba68e94";"808be8bd";"22e790e7";"65f2a75b";"regular";"volta";"não";"FORTALEZA";"CE";"PARNAIBA";"PI";-3,757638;-38,530548;0,78;2019-01-08 22:00:00;2019-01-09 01:25:32;2019-01-09 10:29:32
"bdefe274";"7980c0ae";"83ed87ea";"a70775bd";"regular";"ida";"não";"TRES RIOS";"RJ";"JUIZ DE FORA";"MG";-22,116152;-43,198239;0;2019-01-03 07:30:00;2019-01-03 07:29:34;2019-01-03 08:59:10
"0e1ad9af";"808be8bd";"958acc0d";"dd4ec03e";"regular";"volta";"não";"JUAZEIRO DO NORTE";"CE";"TERESINA";"PI";-5,119648;-42,784673;0,66;2019-01-07 19:00:00;2019-01-07 10:04:49;2019-01-08 10:04:15
"47fdb0b2";"808be8bd";"e0cb42c2";"9b40e148";"regular";"volta";"não";"SOBRAL";"CE";"GOIANIA";"GO";-16,659786;-49,223686;0,71;2019-01-07 09:00:00;2019-01-07 12:08:18;2019-01-09 09:37:13
"6f2a59bb";"51c1ab4e";"2befb554";"bad7add0";"regular";"volta";"não";"VITORIA DA CONQUISTA";"BA";"SAO PAULO";"SP";0;0;0;2019-01-05 09:25:00;2019-01-05 11:38:55;2019-01-06 06:43:09
"5478acf9";"808be8bd";"960e1863";"f805072f";"regular";"volta";"não";"SOBRAL";"CE";"BRASILIA";"DF";-3,718826;-40,333386;0,86;2019-01-08 20:20:00;2019-01-08 10:23:18;2019-01-10 03:12:04
"54bf6c91";"808be8bd";"cf151cca";"9b9dccb7";"regular";"volta";"não";"BELEM";"PA";"JOAO PESSOA";"PB";-1,439108;-48,455331;0,89;2019-01-10 07:00:00;2019-01-10 09:34:08;2019-01-12 03:22:57
"1098c74f";"7980c0ae";"83ed87ea";"4f585ebb";"regular";"volta";"não";"TRES RIOS";"RJ";"JUIZ DE FORA";"MG";-21,7359019;-43,3947821;0;2019-01-01 17:15:00;2019-01-01 05:16:12;2019-01-01 07:26:32
"7bcbd01d";"51c1ab4e";"2befb554";"a7f121d0";"regular";"ida";"não";"VITORIA DA CONQUISTA";"BA";"SAO PAULO";"SP";-15,6920983;-40,7397083;1;2019-01-06 09:35:00;2019-01-06 02:26:16;2019-01-07 12:25:36
"2e852488";"808be8bd";"5d383322";"04d7d2dc";"regular";"volta";"não";"FORTALEZA";"CE";"BELEM";"PA";-3,791821;-38,509615;0,61;2019-01-08 13:00:00;2019-01-08 04:05:10;2019-01-09 08:01:27
"5dcee0d2";"808be8bd";"4d504d0a";"759e0fec";"regular";"ida";"não";"SAO LUIS";"MA";"PARNAIBA";"PI";-2,536715;-44,227693;0,77;2019-01-08 21:00:00;2019-01-09 12:06:41;2019-01-09 10:43:56
"92a87528";"51c1ab4e";"7abcba0e";"e4919b51";"regular";"ida";"não";"VITORIA DA CONQUISTA";"BA";"SAO PAULO";"SP";-14,8795885;-40,8542694;1;2019-01-06 11:00:00;2019-01-06 01:11:00;2019-01-07 01:12:02
"fb0b6b0d";"808be8bd";"22e790e7";"759e0fec";"regular";"volta";"não";"FORTALEZA";"CE";"PARNAIBA";"PI";-2,919203;-41,758913;0,8;2019-01-08 10:00:00;2019-01-08 01:11:12;2019-01-08 10:55:16
"d77e9f11";"51c1ab4e";"7abcba0e";"012afaca";"regular";"volta";"não";"VITORIA DA CONQUISTA";"BA";"SAO PAULO";"SP";-23,5114723;-46,6021866;2,7;2019-01-05 16:00:00;2019-01-05 06:25:28;2019-01-06 08:04:59
"38a78f89";"808be8bd";"5d383322";"7945ae37";"regular";"ida";"não";"FORTALEZA";"CE";"BELEM";"PA";-3,791735;-38,510251;0,74;2019-01-09 13:00:00;2019-01-09 04:50:39;2019-01-10 08:43:24
"c0821450";"808be8bd";"c4495bf7";"a725c68b";"regular";"volta";"não";"BELEM";"PA";"NATAL";"RN";-1,438653;-48,454951;0,56;2019-01-07 07:00:00;2019-01-07 10:05:57;2019-01-09 01:32:00
"5ac059be";"3f42bbfd";"9ffb1594";"2700a870";"regular";"ida";"não";"BELO HORIZONTE";"MG";"RIBEIRAO PRETO";"SP";-19,9749221801758;-44,1892967224121;0;2019-01-03 20:30:00;2019-01-03 08:33:25;2019-01-04 07:40:42
"82c4803c";"7980c0ae";"83ed87ea";"651283f4";"regular";"volta";"não";"TRES RIOS";"RJ";"JUIZ DE FORA";"MG";-21,738857;-43,374561;0;2019-01-02 12:30:00;2019-01-02 12:31:13;2019-01-02 02:09:24
"0136586c";"51c1ab4e";"7abcba0e";"648f91f5";"regular";"volta";"não";"VITORIA DA CONQUISTA";"BA";"SAO PAULO";"SP";-23,5116407;-46,5934087;6,2;2019-01-05 11:30:00;2019-01-05 01:56:32;2019-01-07 12:29:10
"9522091c";"51c1ab4e";"ea2a03fb";"02e5fc80";"regular";"ida";"não";"PETROPOLIS";"RJ";"SAO PAULO";"SP";-22,5166001;-43,2287885;1;2019-01-05 23:00:00;2019-01-05 11:41:40;2019-01-06 07:31:35
"e1c58121";"7980c0ae";"83ed87ea";"4f585ebb";"regular";"volta";"não";"TRES RIOS";"RJ";"JUIZ DE FORA";"MG";-21,738716;-43,374207;0;2019-01-03 12:30:00;2019-01-03 12:31:33;2019-01-03 02:20:56
"fa0ec152";"808be8bd";"b46cef63";"a18ce07f";"regular";"volta";"não";"FORTALEZA";"CE";"NATAL";"RN";-5,81983;-35,235653;0,77;2019-01-09 21:00:00;2019-01-10 12:09:39;2019-01-10 09:03:15
"b3a3fc8b";"3f42bbfd";"9ffb1594";"1b323e51";"regular";"volta";"não";"BELO HORIZONTE";"MG";"RIBEIRAO PRETO";"SP";-21,1738834381104;-47,8154335021973;0;2019-01-01 22:30:00;2019-01-01 10:40:07;2019-01-02 07:33:49
"a6c31a2a";"808be8bd";"c61822da";"bbe95b6b";"regular";"volta";"não";"SAO LUIS";"MA";"TERESINA";"PI";-5,097438;-42,764631;0,58;2019-01-09 12:30:00;2019-01-09 02:27:53;2019-01-10 12:07:01
"f90f89c2";"808be8bd";"3a6b9636";"53a26a56";"regular";"volta";"não";"FORTALEZA";"CE";"RECIFE";"PE";-3,78426;-38,512588;0,65;2019-01-07 17:45:00;2019-01-07 08:46:03;2019-01-08 12:41:19
"c624eb8a";"808be8bd";"cf151cca";"3d796266";"regular";"volta";"não";"BELEM";"PA";"JOAO PESSOA";"PB";-7,14232;-34,921473;0,62;2019-01-07 16:00:00;2019-01-07 06:30:44;2019-01-09 12:41:37
"2e96771d";"7980c0ae";"83ed87ea";"4f585ebb";"regular";"volta";"não";"TRES RIOS";"RJ";"JUIZ DE FORA";"MG";-21,7358996;-43,3950543;0;2019-01-01 22:30:00;2019-01-01 10:26:39;2019-01-02 12:18:28
"378d465c";"7980c0ae";"83ed87ea";"0f28b213";"regular";"ida";"não";"TRES RIOS";"RJ";"JUIZ DE FORA";"MG";-22,116022;-43,198033;0;2019-01-02 07:30:00;2019-01-02 07:32:11;2019-01-02 09:06:47
"b4ce3892";"3f42bbfd";"9ffb1594";"1b323e51";"regular";"ida";"não";"BELO HORIZONTE";"MG";"RIBEIRAO PRETO";"SP";-19,9141101837158;-43,9413223266602;0;2019-01-02 22:30:00;2019-01-02 10:32:30;2019-01-03 07:38:51
"e8609e9f";"808be8bd";"3a6b9636";"028f6f48";"regular";"ida";"não";"FORTALEZA";"CE";"RECIFE";"PE";-3,757318;-38,530358;0,69;2019-01-08 17:45:00;2019-01-08 08:45:35;2019-01-09 10:46:16
"3deed11a";"808be8bd";"3a6b9636";"55e01182";"regular";"volta";"não";"FORTALEZA";"CE";"RECIFE";"PE";-8,065386;-34,981433;0,79;2019-01-08 19:30:00;2019-01-08 10:29:16;2019-01-09 12:40:42
"5f2dba30";"808be8bd";"afc6a24a";"e516a66b";"regular";"volta";"não";"GOIANIA";"GO";"NATAL";"RN";-5,85291;-35,645756;0,49;2019-01-07 16:00:00;2019-01-07 06:12:57;2019-01-10 12:11:29
"c4335ad0";"7980c0ae";"83ed87ea";"4f585ebb";"regular";"volta";"não";"TRES RIOS";"RJ";"JUIZ DE FORA";"MG";-22,116088;-43,19825;0;2019-01-03 10:30:00;2019-01-03 10:30:04;2019-01-03 12:11:34
"02d6e0c7";"7980c0ae";"83ed87ea";"0f28b213";"regular";"ida";"não";"TRES RIOS";"RJ";"JUIZ DE FORA";"MG";-21,738242;-43,373224;0;2019-01-02 18:45:00;2019-01-02 06:46:01;2019-01-02 08:37:04
"576cffea";"51c1ab4e";"fe7f4220";"085717a5";"regular";"ida";"não";"RAUL SOARES";"MG";"SAO PAULO";"SP";-20,1194417;-42,4596817;1;2019-01-05 20:15:00;2019-01-05 10:13:42;2019-01-06 01:15:39
"66ba25c3";"7980c0ae";"83ed87ea";"651283f4";"regular";"volta";"não";"TRES RIOS";"RJ";"JUIZ DE FORA";"M